{"cameraMode":{"drawMode":0,"name":"Shaded","section":"Shading Mode"},"sceneLighting":true,"audioPlay":false,"sceneViewState":{"m_AlwaysRefresh":false,"showFog":true,"showSkybox":true,"showFlares":true,"showImageEffects":true,"showParticleSystems":true,"showVisualEffectGraphs":true,"m_FxEnabled":false},"in2DMode":false,"pivot":{"x":2.104457139968872,"y":-0.7108603715896606,"z":4.760645866394043},"rotation":{"x":0.03639872744679451,"y":0.5945762395858765,"z":-0.026957327499985696,"w":0.8027674555778503},"size":1.0839060544967652,"orthographic":false}